{
    "calorie": {
        "count": 143678, 
        "max": 7.8901234567890125e+65, 
        "min": -6285890.0, 
        "range": 7.8901234567890125e+65
    }, 
    "celsius": {
        "count": 3, 
        "max": 237.0, 
        "min": -231.1, 
        "range": 468.1
    }, 
    "cubic": {
        "count": 62, 
        "max": 3300.0, 
        "min": 0.0, 
        "range": 3300.0
    }, 
    "cup": {
        "count": 26, 
        "max": 10.0, 
        "min": 1.0, 
        "range": 9.0
    }, 
    "fahrenheit": {
        "count": 2, 
        "max": 84.2, 
        "min": -384.1, 
        "range": 468.3
    }, 
    "feet": {
        "count": 72748, 
        "max": 1.424617609326299e+31, 
        "min": -2300300503455222.0, 
        "range": 1.4246176093262992e+31
    }, 
    "gallon": {
        "count": 58, 
        "max": 1270.0, 
        "min": 0.0, 
        "range": 1270.0
    }, 
    "gram": {
        "count": 16827, 
        "max": 1.231078201413911e+16, 
        "min": -2012.0, 
        "range": 1.2310782014141122e+16
    }, 
    "inch": {
        "count": 1208418, 
        "max": 1.0001424052702305e+40, 
        "min": -4.4e+24, 
        "range": 1.000142405270231e+40
    }, 
    "joule": {
        "count": 12639, 
        "max": 1.204023201423111e+16, 
        "min": -120521.0, 
        "range": 1.2040232014351632e+16
    }, 
    "kelvin": {
        "count": 11, 
        "max": 2011.0, 
        "min": 42.0, 
        "range": 1969.0
    }, 
    "litre": {
        "count": 16920, 
        "max": 1.159037201417511e+16, 
        "min": -97.0, 
        "range": 1.1590372014175208e+16
    }, 
    "metre": {
        "count": 225575, 
        "max": 1.4285714285714284e+16, 
        "min": -4359433.159, 
        "range": 1.4285714290073718e+16
    }, 
    "mile": {
        "count": 1815, 
        "max": 5000.0, 
        "min": -55000.0, 
        "range": 60000.0
    }, 
    "other": {
        "count": 16706, 
        "max": 31536000.0, 
        "min": -3000.0, 
        "range": 31539000.0
    }, 
    "ounce": {
        "count": 158, 
        "max": 8888888.0, 
        "min": -2.11, 
        "range": 8888890.11
    }, 
    "pint": {
        "count": 18, 
        "max": 10.0, 
        "min": 1.0, 
        "range": 9.0
    }, 
    "pound": {
        "count": 224, 
        "max": 5000.0, 
        "min": 0.0, 
        "range": 5000.0
    }, 
    "quart": {
        "count": 35, 
        "max": 86.0, 
        "min": -2015.0, 
        "range": 2101.0
    }, 
    "second": {
        "count": 530, 
        "max": 86400.0, 
        "min": -2.0, 
        "range": 86402.0
    }, 
    "spoon": {
        "count": 7, 
        "max": 56.0, 
        "min": 56.0, 
        "range": 0.0
    }, 
    "ton": {
        "count": 2, 
        "max": 200.0, 
        "min": 5.3, 
        "range": 194.7
    }, 
    "yard": {
        "count": 52, 
        "max": 900.0, 
        "min": 0.0, 
        "range": 900.0
    }
}